{"AllTask":[{
    "taskname":"实验室任务管理",
    "name":"彭一",
    "start":"2017-9-14",
    "end":"2017-10-14",
    "state":"未完成",
    "percent":"100%"
  },
  {
      "taskname":"实验室任务管理",
      "name":"彭一",
      "start":"2017-9-14",
      "end":"2017-10-14",
      "state":"未完成",
      "percent":"100%"
    },
    {
        "taskname":"实验室任务管理",
        "name":"彭一",
        "start":"2017-9-14",
        "end":"2017-10-14",
        "state":"未完成",
        "percent":"100%"
      },
      {
          "taskname":"实验室任务管理",
          "name":"彭一",
          "start":"2017-9-14",
          "end":"2017-10-14",
          "state":"未完成",
          "percent":"100%"
        },
        {
            "taskname":"实验室任务管理",
            "name":"彭一",
            "start":"2017-9-14",
            "end":"2017-10-14",
            "state":"未完成",
            "percent":"100%"
          }]}
